conjecture_id,subgroup,x_name,y_name,sign,found,time_s,best_violation,best_graph6,x_value,y_value,fx_value,cost
688,['connected'],density,proximity,>=,1,0.002,0.012569,H~~{?C@,0.5,0.3076923076923077,0.3202614379084967,0.002
713,['connected'],density,remoteness,>=,1,0.543,0.002181,SK@_S_?WAGkbcOC?`AB?h?GQP??D?C_C?,0.20526315789473684,0.25675675675675674,0.25893749676804895,0.543
737,['connected'],density,second_smallest_laplace_eigenvalue,>=,1,0.046,0.025696,K~~{?CB?wF_^,0.4696969696969697,0.25834261322605834,0.28403895973597926,0.046
886,['connected'],maximum_degree,triangle_number,<=,1,0.002,2.0,SGO??CCa?E?d??K?EGCH?C?p?A?OCKC_?,3.0,6.0,4.0,0.002
980,['connected'],average_degree,clique_number,<=,1,0.0,1.5,@,0.0,1.0,-0.5,0.0
981,['connected'],average_degree,clique_number,<=,1,0.0,1.0,@,0.0,1.0,0.0,0.0
1021,['connected'],average_degree,triangle_number,>=,1,0.056,0.558824,P[CoU[gUmbLCsgHF_b@_Ga?C,5.647058823529412,14.0,14.558823529411768,0.056
1177,['connected'],clique_number,average_degree,>=,1,0.0,0.8,@,1.0,0.0,0.8,0.0
1178,['connected'],clique_number,average_degree,>=,1,0.0,0.6,@,1.0,0.0,0.6,0.0
1191,['connected'],clique_number,minimum_degree,<=,1,0.002,0.485848,J^v~v~}~~~?,6.0,9.0,8.514151515151518,0.002
1337,['connected'],triangle_number,average_degree,<=,1,0.074,0.066667,RWCuX\HsQQDGGi@MF?d\oIc?ECK?B?,21.0,6.0,5.933333333333334,0.074
1466,['connected'],domination_number,independent_domination_number,<=,1,0.85,0.486714,KUOPcDO?G??D,5.0,6.0,5.513285714285708,0.85
1566,['connected'],total_domination_number,independence_number,>=,1,0.054,1.0,HB_@L`?,6.0,4.0,5.0,0.054
1587,['connected'],total_domination_number,matching_number,>=,1,0.218,0.333333,K`?K@@?W?CH?,7.0,4.0,4.333333333333333,0.218
1588,['connected'],total_domination_number,matching_number,>=,1,0.0,1.0,K`?K@@?W?CH?,7.0,4.0,5.0,0.0
1591,['connected'],total_domination_number,proximity,>=,1,0.018,0.005952,J`rG@AA?sP?,4.0,0.20833333333333334,0.21428571428571425,0.018
1600,['connected'],total_domination_number,vertex_cover_number,>=,0,10.048,0.0,CF,2.0,1.0,1.0,120.0
1601,['connected'],total_domination_number,vertex_cover_number,>=,1,7.664,1.0,J`G?OCA__I?,7.0,4.0,5.0,7.664
1708,['connected'],independence_number,total_domination_number,<=,1,0.048,1.0,HB_@L`?,4.0,6.0,5.0,0.048
1729,['connected'],independence_number,proximity,>=,1,0.016,0.011429,H{CGGC@,4.0,0.22857142857142856,0.24000000000000002,0.016
1793,['connected'],independence_number,second_smallest_laplace_eigenvalue,>=,1,0.001,0.2749,@,1.0,0.0,0.27490002729453045,0.001
1880,['connected'],vertex_cover_number,independent_domination_number,<=,1,0.0,4.0,@,0.0,1.0,-3.0,0.0
1891,['connected'],vertex_cover_number,total_domination_number,<=,0,10.068,0.0,CF,1.0,2.0,2.0,120.0
1892,['connected'],vertex_cover_number,total_domination_number,<=,1,7.552,1.0,J`G?OCA__I?,4.0,7.0,6.0,7.552
1917,['connected'],vertex_cover_number,proximity,>=,1,0.351,0.008547,JKaA`A?_C??,3.0,0.2222222222222222,0.23076923076923075,0.351
1919,['connected'],vertex_cover_number,proximity,>=,1,0.0,0.008547,JKaA`A?_C??,3.0,0.2222222222222222,0.23076923076923075,0.0
2041,['connected'],independent_domination_number,matching_number,>=,1,0.0,1.0,@,1.0,0.0,1.0,0.0
2051,['connected'],independent_domination_number,vertex_cover_number,>=,1,0.0,1.0,@,1.0,0.0,1.0,0.0
2117,['connected'],matching_number,independent_domination_number,<=,1,0.0,8.343857,@,0.0,1.0,-7.343857142857143,0.0
2120,['connected'],matching_number,total_domination_number,<=,1,0.218,0.5,K`?K@@?W?CH?,4.0,7.0,6.5,0.218
2121,['connected'],matching_number,total_domination_number,<=,1,0.0,1.0,K`?K@@?W?CH?,4.0,7.0,6.0,0.0
2129,['connected'],matching_number,proximity,>=,1,0.295,0.008547,JKaA`A?_C??,3.0,0.2222222222222222,0.23076923076923075,0.295
2131,['connected'],matching_number,proximity,>=,1,0.0,0.008547,JKaA`A?_C??,3.0,0.2222222222222222,0.23076923076923075,0.0
2252,['connected'],randic_index,total_domination_number,<=,1,0.039,0.239328,NOCC?aO??C@A?OH?GC?,7.243442024918721,10.0,9.760672290938583,0.039
2882,['connected'],second_zagreb_index,independent_domination_number,<=,1,0.016,0.083333,JB_?OW_CE??,42.0,5.0,4.916666666666667,0.016
3144,['connected'],proximity,total_domination_number,>=,1,0.019,0.074074,J`rG@AA?sP?,0.20833333333333334,4.0,4.074074074074074,0.019
3157,['connected'],proximity,matching_number,>=,1,0.077,0.466667,J?aA@_aoC??,0.19230769230769232,4.0,4.466666666666667,0.077
3191,['connected'],proximity,vertex_cover_number,>=,1,0.349,0.123457,JKaA`A?_C??,0.2222222222222222,3.0,3.1234567901234565,0.349
3193,['connected'],proximity,vertex_cover_number,>=,1,0.0,0.325926,JKaA`A?_C??,0.2222222222222222,3.0,3.3259259259259277,0.0
3368,['connected'],remoteness,matching_number,>=,1,1.518,0.268754,N_CGS@??oOC?GGG?C??,0.28,5.0,5.268754482879303,1.518
3384,['connected'],remoteness,vertex_cover_number,>=,1,0.721,0.321283,NKaA?A?OQ?G?_?@??GG,0.3181818181818182,4.0,4.321282787435562,0.721
3550,['connected'],largest_eigenvalue,triangle_number,<=,1,0.383,1.207806,X}w?GKG@oIF?AGAG_CZoG@U?FO??_G?_C@??????@@???@Ac?@?,5.063674225686048,40.0,38.79219419669833,0.383
3961,['connected'],second_smallest_laplace_eigenvalue,average_degree,<=,1,0.006,0.498112,W~~~~~~~~~~~_???_?W?F??{?Bw?Fw?F{?B~??~w?F~_?^~,0.14434539959895654,11.083333333333334,10.585220932807974,0.006
3979,['connected'],second_smallest_laplace_eigenvalue,independence_number,>=,1,0.0,6.211972,@,0.0,1.0,7.211971647151453,0.0
4247,"['connected', 'tree']",diameter,independent_domination_number,<=,1,0.001,8.0,@,0.0,1.0,-7.0,0.001
4288,"['connected', 'tree']",diameter,second_smallest_laplace_eigenvalue,>=,1,0.0,2.736013,@,0.0,0.0,2.736012811540209,0.0
4668,"['connected', 'tree']",vertex_cover_number,independent_domination_number,<=,1,0.0,8.343857,@,0.0,1.0,-7.343857142857143,0.0
4712,"['connected', 'tree']",independent_domination_number,diameter,>=,1,0.0,2.0,@,1.0,0.0,2.0,0.0
5381,"['connected', 'tree']",proximity,remoteness,>=,1,0.0,0.478469,A_,1.0,1.0,1.4784688995215312,0.0
5421,"['connected', 'tree']",remoteness,domination_number,>=,1,0.025,0.021487,UhCK?I?@C??__?@?O??G?_??C?C???G?A???@???,0.3230769230769231,3.0,3.0214869705259844,0.025
5952,"['claw_free', 'connected']",diameter,independence_number,<=,1,0.001,1.0,K~~{A?_C?O?_,3.0,6.0,5.0,0.001
5968,"['claw_free', 'connected']",diameter,proximity,>=,1,0.132,0.001532,M_uepBYug`a@p??B?,6.0,0.2549019607843137,0.25643410852713183,0.132
5983,"['claw_free', 'connected']",diameter,second_smallest_laplace_eigenvalue,>=,1,0.001,0.312552,@,0.0,0.0,0.312552467333382,0.001
5994,"['claw_free', 'connected']",radius,domination_number,<=,1,0.0,9.772429,@,0.0,1.0,-8.772428571428572,0.0
5996,"['claw_free', 'connected']",radius,total_domination_number,<=,1,0.007,0.886714,JhCG?EA?gG_,4.0,6.0,5.11328571428572,0.007
5998,"['claw_free', 'connected']",radius,independence_number,<=,1,0.0,3.772429,@,0.0,1.0,-2.7724285714285712,0.0
6000,"['claw_free', 'connected']",radius,independent_domination_number,<=,1,0.0,9.772429,@,0.0,1.0,-8.772428571428572,0.0
6011,"['claw_free', 'connected']",radius,remoteness,>=,1,0.035,0.012121,JhCGKB?EcB?,3.0,0.45454545454545453,0.4666666666666667,0.035
6013,"['claw_free', 'connected']",radius,remoteness,>=,1,0.017,0.002364,L_BI?COE@`GOGG,4.0,0.375,0.37736438923395443,0.017
6020,"['claw_free', 'connected']",radius,second_smallest_laplace_eigenvalue,>=,1,0.001,0.334774,@,0.0,0.0,0.33477368685986664,0.001
6124,"['claw_free', 'connected']",density,remoteness,<=,1,0.101,0.013559,Hj^EGCG,0.3888888888888889,0.8,0.7864406779661017,0.101
6179,"['claw_free', 'connected']",maximum_degree,average_degree,>=,1,0.004,0.041667,O~}?GC@?G?_@?@??_?G?@,5.0,2.625,2.666666666666667,0.004
6180,"['claw_free', 'connected']",maximum_degree,average_degree,>=,1,0.0,0.041667,O~}?GC@?G?_@?@??_?G?@,5.0,2.625,2.666666666666667,0.0
6181,"['claw_free', 'connected']",maximum_degree,average_degree,>=,1,0.0,0.111111,O~}?GC@?G?_@?@??_?G?@,5.0,2.625,2.7361111111111107,0.0
6182,"['claw_free', 'connected']",maximum_degree,average_degree,>=,1,0.0,0.016031,O~}?GC@?G?_@?@??_?G?@,5.0,2.625,2.6410312650312653,0.0
6267,"['claw_free', 'connected']",average_degree,maximum_degree,<=,1,0.0,0.071429,O~}?GC@?G?_@?@??_?G?@,2.625,5.0,4.928571428571429,0.0
6268,"['claw_free', 'connected']",average_degree,maximum_degree,<=,1,0.0,0.09375,O~}?GC@?G?_@?@??_?G?@,2.625,5.0,4.90625,0.0
6269,"['claw_free', 'connected']",average_degree,maximum_degree,<=,1,0.0,0.216216,O~}?GC@?G?_@?@??_?G?@,2.625,5.0,4.783783783783784,0.0
6270,"['claw_free', 'connected']",average_degree,maximum_degree,<=,1,0.027,0.518557,O~~~z|~~~|~mznoB}@wBN,11.25,14.0,13.481443412172194,0.027
6272,"['claw_free', 'connected']",average_degree,clique_number,<=,1,0.0,1.4,@,0.0,1.0,-0.4,0.0
6278,"['claw_free', 'connected']",average_degree,clique_number,<=,1,0.101,0.062491,N~~~w?O?O?_C?O??o?G,3.8666666666666667,7.0,6.937509160685042,0.101
6351,"['claw_free', 'connected']",clique_number,maximum_degree,<=,1,0.0,1.297537,@,1.0,0.0,-1.2975367965367963,0.0
6352,"['claw_free', 'connected']",clique_number,average_degree,>=,1,0.0,0.777778,@,1.0,0.0,0.7777777777777778,0.0
6466,"['claw_free', 'connected']",triangle_number,largest_eigenvalue,<=,1,0.012,0.00099,Kz~~zjhx{Bvp,81.0,8.052207201060215,8.051216746908594,0.012
6472,"['claw_free', 'connected']",triangle_number,largest_eigenvalue,<=,1,0.0,0.016725,Kz~~zjhx{Bvp,81.0,8.052207201060215,8.03548202306628,0.0
6574,"['claw_free', 'connected']",total_domination_number,independence_number,<=,1,0.001,1.0,LySOgGD?OA_A?D,4.0,6.0,5.0,0.001
6582,"['claw_free', 'connected']",total_domination_number,matching_number,>=,1,0.028,1.0,NpKGGC@??@_K?@C???G,9.0,7.0,8.0,0.028
6617,"['claw_free', 'connected']",total_domination_number,second_smallest_laplace_eigenvalue,>=,1,0.003,0.013047,HwC[?CP,4.0,0.13919414688829634,0.15224093497666835,0.003
6903,"['claw_free', 'connected']",matching_number,total_domination_number,<=,1,0.001,1.0,NpKGGC@??@_K?@C???G,7.0,9.0,8.0,0.001
7205,"['claw_free', 'connected']",first_zagreb_index,second_zagreb_index,>=,1,0.001,67.153846,K~~{?CB?wF_^,322.0,836.0,903.1538461538463,0.001
7206,"['claw_free', 'connected']",first_zagreb_index,second_zagreb_index,>=,1,0.0,298.666667,M~~~{?@?WB_N?^?^_,530.0,1633.0,1931.6666666666665,0.0
7212,"['claw_free', 'connected']",first_zagreb_index,second_zagreb_index,>=,1,0.0,29.666667,K~~{?CB?wF_^,322.0,836.0,865.6666666666667,0.0
7213,"['claw_free', 'connected']",first_zagreb_index,second_zagreb_index,>=,1,0.0,33.0,K~~{?CB?wF_^,322.0,836.0,869.0,0.0
7565,"['claw_free', 'connected']",largest_eigenvalue,triangle_number,>=,1,0.007,0.645018,Kz~~zjhx{Bvp,8.052207201060215,81.0,81.64501782868734,0.007
7566,"['claw_free', 'connected']",largest_eigenvalue,triangle_number,>=,1,0.0,0.039808,Kz~~zjhx{Bvp,8.052207201060215,81.0,81.0398079505845,0.0
7694,"['claw_free', 'connected']",largest_distance_eigenvalue,proximity,>=,1,0.005,0.001926,H{CGGC@,25.98273762138877,0.22857142857142856,0.23049770739936842,0.005
7695,"['claw_free', 'connected']",largest_distance_eigenvalue,proximity,>=,1,0.001,0.001116,I{CGGC@?G,32.50980942989507,0.20454545454545456,0.20566100792030562,0.001
7703,"['claw_free', 'connected']",largest_distance_eigenvalue,second_smallest_laplace_eigenvalue,>=,1,0.001,0.216138,@,0.0,0.0,0.21613801493000628,0.001
7711,"['claw_free', 'connected']",second_smallest_laplace_eigenvalue,diameter,>=,1,0.0,12.387247,@,0.0,0.0,12.38724711291826,0.0
7712,"['claw_free', 'connected']",second_smallest_laplace_eigenvalue,diameter,>=,1,0.0,7.974374,@,0.0,0.0,7.9743739865605585,0.0
7713,"['claw_free', 'connected']",second_smallest_laplace_eigenvalue,diameter,>=,1,0.0,8.581094,@,0.0,0.0,8.581093747774185,0.0
7718,"['claw_free', 'connected']",second_smallest_laplace_eigenvalue,radius,>=,1,0.0,5.324366,@,0.0,0.0,5.324365641874375,0.0
7719,"['claw_free', 'connected']",second_smallest_laplace_eigenvalue,radius,>=,1,0.0,5.976085,@,0.0,0.0,5.976085382681316,0.0
7732,"['claw_free', 'connected']",second_smallest_laplace_eigenvalue,maximum_degree,<=,1,0.017,0.045734,W~~~~~~~~~~~_???_?W?F??{?Bw?Fw?F{?B~??~w?F~_?^~,0.14434539959895654,12.0,11.954266499931096,0.017
7734,"['claw_free', 'connected']",second_smallest_laplace_eigenvalue,average_degree,<=,1,0.013,0.749374,W~~~~~~~~~~~_???_?W?F??{?Bw?Fw?F{?B~??~w?F~_?^~,0.14434539959895654,11.083333333333334,10.33395899090284,0.013
7743,"['claw_free', 'connected']",second_smallest_laplace_eigenvalue,domination_number,>=,1,0.0,3.462416,@,0.0,1.0,4.462415704303928,0.0
7753,"['claw_free', 'connected']",second_smallest_laplace_eigenvalue,total_domination_number,>=,1,0.003,0.178482,HwC[?CP,0.13919414688829634,4.0,4.178482361207421,0.003
7773,"['claw_free', 'connected']",second_smallest_laplace_eigenvalue,independent_domination_number,>=,1,0.0,3.462416,@,0.0,1.0,4.462415704303928,0.0
7811,"['claw_free', 'connected']",second_smallest_laplace_eigenvalue,largest_eigenvalue,<=,1,0.018,0.751673,Y~~~~~~~~~~~~~_???G?B??[?@w?Bw?B{?@~??^w?B~_?N~??^~??^~_,0.13454006867188262,12.082762530298222,11.33108984479483,0.018
7813,"['claw_free', 'connected']",second_smallest_laplace_eigenvalue,largest_distance_eigenvalue,>=,1,0.0,62.771538,@,0.0,0.0,62.77153804004126,0.0
