conjecture_id,valid,exact_arithmetic,reason,subgroup,order,size,x,x_value,y,y_value,sign,rhs,violation,graph6
688,True,True,valid counterexample,connected,9,18,density,1/2,proximity,4/13,>=,49/153,25/1989,H~~{?C@
713,True,True,valid counterexample,connected,20,39,density,39/190,remoteness,19/74,>=,144638175525890337356504783/558583354404844273863956000,45070627611921880483094971/20667584112979238132966372000,SK@_S_?WAGkbcOC?`AB?h?GQP??D?C_C?
737,True,False,valid counterexample,connected,12,31,density,31/66,second_smallest_laplace_eigenvalue,0.25834261322605834,>=,1887491854899/6645186479536,0.0256963465099209695,K~~{?CB?wF_^
886,True,True,valid counterexample,connected,20,30,maximum_degree,3,triangle_number,6,<=,4,2,SGO??CCa?E?d??K?EGCH?C?p?A?OCKC_?
980,True,True,valid counterexample,connected,1,0,average_degree,0,clique_number,1,<=,-1/2,3/2,@
981,True,True,valid counterexample,connected,1,0,average_degree,0,clique_number,1,<=,0,1,@
1021,True,True,valid counterexample,connected,17,48,average_degree,96/17,triangle_number,14,>=,495/34,19/34,P[CoU[gUmbLCsgHF_b@_Ga?C
1177,True,True,valid counterexample,connected,1,0,clique_number,1,average_degree,0,>=,4/5,4/5,@
1178,True,True,valid counterexample,connected,1,0,clique_number,1,average_degree,0,>=,3/5,3/5,@
1191,True,True,valid counterexample,connected,11,50,clique_number,6,minimum_degree,9,<=,280967/33000,16033/33000,J^v~v~}~~~?
1337,True,True,valid counterexample,connected,19,57,triangle_number,21,average_degree,6,<=,89/15,1/15,RWCuX\HsQQDGGi@MF?d\oIc?ECK?B?
1466,True,True,valid counterexample,connected,12,14,domination_number,5,independent_domination_number,6,<=,38593/7000,3407/7000,KUOPcDO?G??D
1566,True,True,valid counterexample,connected,9,9,total_domination_number,6,independence_number,4,>=,5,1,HB_@L`?
1587,True,True,valid counterexample,connected,11,10,total_domination_number,7,matching_number,4,>=,13/3,1/3,>>graph6<<Jh_GK?@?K??
1588,True,True,valid counterexample,connected,11,10,total_domination_number,7,matching_number,4,>=,5,1,JAgC?cA?_G_
1591,True,True,valid counterexample,connected,21,20,total_domination_number,4,proximity,10/57,>=,3/14,31/798,>>graph6<<TsaCC@?OA?G?O?O?G?A???_@?????O??C??@
1600,True,True,valid counterexample,connected,11,10,total_domination_number,7,vertex_cover_number,4,>=,13/3,1/3,>>graph6<<Jh_GK?@?K??
1601,True,True,valid counterexample,connected,11,10,total_domination_number,7,vertex_cover_number,4,>=,5,1,J`G?OCA__I?
1708,True,True,valid counterexample,connected,9,9,independence_number,4,total_domination_number,6,<=,5,1,HB_@L`?
1729,True,True,valid counterexample,connected,11,12,independence_number,5,proximity,5/26,>=,1/5,1/130,>>graph6<<J`CGGC@WB?_
1793,True,False,valid counterexample,connected,1,0,independence_number,1,second_smallest_laplace_eigenvalue,0.0,>=,49841913239/181309233504,0.274900027294530479,@
1880,True,True,valid counterexample,connected,1,0,vertex_cover_number,0,independent_domination_number,1,<=,-3,4,@
1891,True,True,valid counterexample,connected,11,10,vertex_cover_number,4,total_domination_number,7,<=,13/2,1/2,>>graph6<<Jh_GK?@?K??
1892,True,True,valid counterexample,connected,11,10,vertex_cover_number,4,total_domination_number,7,<=,6,1,J`G?OCA__I?
1917,True,True,valid counterexample,connected,11,10,vertex_cover_number,3,proximity,2/9,>=,3/13,1/117,>>graph6<<JKaA`A?_C??
1919,True,True,valid counterexample,connected,20,23,vertex_cover_number,6,proximity,19/126,>=,87/572,47/36036,>>graph6<<S???GA?@C?IGII_?_?`P??_???O?K??__
2041,True,True,valid counterexample,connected,1,0,independent_domination_number,1,matching_number,0,>=,1,1,@
2051,True,True,valid counterexample,connected,1,0,independent_domination_number,1,vertex_cover_number,0,>=,1,1,@
2117,True,True,valid counterexample,connected,1,0,matching_number,0,independent_domination_number,1,<=,-51407/7000,58407/7000,@
2120,True,True,valid counterexample,connected,11,10,matching_number,4,total_domination_number,7,<=,13/2,1/2,>>graph6<<Jh_GK?@?K??
2121,True,True,valid counterexample,connected,11,10,matching_number,4,total_domination_number,7,<=,6,1,JAgC?cA?_G_
2129,True,True,valid counterexample,connected,11,10,matching_number,3,proximity,2/9,>=,3/13,1/117,>>graph6<<JKaA`A?_C??
2131,True,True,valid counterexample,connected,16,15,matching_number,6,proximity,15/101,>=,87/572,207/57772,>>graph6<<O?GXCB?G??_@?@??o??H?
2252,True,False,valid counterexample,connected,15,14,randic_index,7.24344202491871937,total_domination_number,10,<=,9.76067229093858128,0.239327709061418720,NOCC?aO??C@A?OH?GC?
2882,True,True,valid counterexample,connected,11,10,second_zagreb_index,42,independent_domination_number,5,<=,59/12,1/12,JB_?OW_CE??
3144,True,True,valid counterexample,connected,22,22,proximity,21/104,total_domination_number,4,>=,54/13,2/13,>>graph6<<UsacCA?_A?G?O?O?G?A??O?@?????G??A??????o
3157,True,True,valid counterexample,connected,16,15,proximity,3/20,matching_number,6,>=,152/25,2/25,>>graph6<<Oh_K?C@_?G?@?@??_?GA?
3191,True,True,valid counterexample,connected,11,10,proximity,2/9,vertex_cover_number,3,>=,253/81,10/81,>>graph6<<JKaA`A?_C??
3193,True,True,valid counterexample,connected,15,14,proximity,7/48,vertex_cover_number,6,>=,1123/180,43/180,>>graph6<<Nh?K?C@_?_???@?B@G?
3368,True,True,valid counterexample,connected,14,13,remoteness,13/40,matching_number,4,>=,67149875953094569158931897/16110482104051131266304000,2707947536890044093715897/16110482104051131266304000,>>graph6<<M`A@@?H_@?O?G?Q??
3384,True,True,valid counterexample,connected,15,14,remoteness,7/22,vertex_cover_number,4,>=,57913431335625952396227239/13401907300307534822156640,4305802134395813107600679/13401907300307534822156640,>>graph6<<NKaA?A?OQ?G?_?@??GG
3550,True,False,valid counterexample,connected,25,53,largest_eigenvalue,5.063674225686048,triangle_number,40,<=,38.7921941966983355,1.20780580330166447,X}w?GKG@oIF?AGAG_CZoG@U?FO??_G?_C@??????@@???@Ac?@?
3961,True,False,valid counterexample,connected,24,133,second_smallest_laplace_eigenvalue,0.14434539959895654,average_degree,133/12,<=,10.5852209328079724,0.498112400525360982,W~~~~~~~~~~~_???_?W?F??{?Bw?Fw?F{?B~??~w?F~_?^~
3979,True,False,valid counterexample,connected,1,0,second_smallest_laplace_eigenvalue,0.0,independence_number,1,>=,7.21197164715145238,6.21197164715145238,@
4247,True,True,valid counterexample,"connected,tree",1,0,diameter,0,independent_domination_number,1,<=,-7,8,@
4288,True,False,valid counterexample,"connected,tree",1,0,diameter,0,second_smallest_laplace_eigenvalue,0.0,>=,1559831/570111,2.73601281154020884,@
4668,True,True,valid counterexample,"connected,tree",1,0,vertex_cover_number,0,independent_domination_number,1,<=,-51407/7000,58407/7000,@
4712,True,True,valid counterexample,"connected,tree",1,0,independent_domination_number,1,diameter,0,>=,2,2,@
5381,True,True,valid counterexample,"connected,tree",2,1,proximity,1,remoteness,1,>=,309/209,100/209,>>graph6<<A_
5421,True,True,valid counterexample,"connected,tree",22,21,remoteness,21/65,domination_number,3,>=,14617972786349415363675073801/4838006229695806304752738500,103954097261996449416858301/4838006229695806304752738500,>>graph6<<UhCK?I?@C??__?@?O??G?_??C?C???G?A???@???
5952,True,True,valid counterexample,"claw_free,connected",12,21,diameter,3,independence_number,6,<=,5,1,K~~{A?_C?O?_
5968,True,True,valid counterexample,"claw_free,connected",12,13,diameter,7,proximity,11/48,>=,751/3225,191/51600,>>graph6<<KIUJ@?AC???D
5983,True,False,valid counterexample,"claw_free,connected",1,0,diameter,0,second_smallest_laplace_eigenvalue,0.0,>=,137013/438368,0.312552467333381999,@
5994,True,True,valid counterexample,"claw_free,connected",1,0,radius,0,domination_number,1,<=,-61407/7000,68407/7000,@
5996,True,True,valid counterexample,"claw_free,connected",14,21,radius,3,total_domination_number,7,<=,5399/1000,1601/1000,>>graph6<<MpE_GEc?G?}?K@??_
5998,True,True,valid counterexample,"claw_free,connected",1,0,radius,0,independence_number,1,<=,-19407/7000,26407/7000,@
6000,True,True,valid counterexample,"claw_free,connected",1,0,radius,0,independent_domination_number,1,<=,-61407/7000,68407/7000,@
6011,True,True,valid counterexample,"claw_free,connected",10,10,radius,4,remoteness,3/8,>=,9/23,3/184,>>graph6<<I{CGGC@?G
6013,True,True,valid counterexample,"claw_free,connected",10,10,radius,4,remoteness,3/8,>=,182267/483000,571/241500,>>graph6<<I{CGGC@?G
6020,True,False,valid counterexample,"claw_free,connected",1,0,radius,0,second_smallest_laplace_eigenvalue,0.0,>=,260703/778744,0.334773686859866657,@
6124,True,True,valid counterexample,"claw_free,connected",9,14,density,7/18,remoteness,4/5,<=,232/295,4/295,Hj^EGCG
6179,True,True,valid counterexample,"claw_free,connected",16,21,maximum_degree,5,average_degree,21/8,>=,8/3,1/24,O~}?GC@?G?_@?@??_?G?@
6180,True,True,valid counterexample,"claw_free,connected",16,21,maximum_degree,5,average_degree,21/8,>=,8/3,1/24,O~}?GC@?G?_@?@??_?G?@
6181,True,True,valid counterexample,"claw_free,connected",16,21,maximum_degree,5,average_degree,21/8,>=,197/72,1/9,O~}?GC@?G?_@?@??_?G?@
6182,True,True,valid counterexample,"claw_free,connected",16,21,maximum_degree,5,average_degree,21/8,>=,686338/259875,33329/2079000,O~}?GC@?G?_@?@??_?G?@
6267,True,True,valid counterexample,"claw_free,connected",16,21,average_degree,21/8,maximum_degree,5,<=,69/14,1/14,O~}?GC@?G?_@?@??_?G?@
6268,True,True,valid counterexample,"claw_free,connected",16,21,average_degree,21/8,maximum_degree,5,<=,157/32,3/32,O~}?GC@?G?_@?@??_?G?@
6269,True,True,valid counterexample,"claw_free,connected",16,21,average_degree,21/8,maximum_degree,5,<=,177/37,8/37,O~}?GC@?G?_@?@??_?G?@
6270,True,True,valid counterexample,"claw_free,connected",16,90,average_degree,45/4,maximum_degree,14,<=,1252079642277706285926041/92874301660252628426848,48160580965830512049831/92874301660252628426848,O~~~z|~~~|~mznoB}@wBN
6272,True,True,valid counterexample,"claw_free,connected",1,0,average_degree,0,clique_number,1,<=,-2/5,7/5,@
6278,True,True,valid counterexample,"claw_free,connected",15,29,average_degree,58/15,clique_number,7,<=,10072494347253872706368/1451889159921378699375,90729772195778189257/1451889159921378699375,N~~~w?O?O?_C?O??o?G
6351,True,True,valid counterexample,"claw_free,connected",1,0,clique_number,1,maximum_degree,0,<=,-299731/231000,299731/231000,@
6352,True,True,valid counterexample,"claw_free,connected",1,0,clique_number,1,average_degree,0,>=,7/9,7/9,@
6466,True,False,valid counterexample,"claw_free,connected",12,47,triangle_number,81,largest_eigenvalue,8.052207201060215,<=,1784174003557/221603027175,0.000990454151622143590,Kz~~zjhx{Bvp
6472,True,False,valid counterexample,"claw_free,connected",12,47,triangle_number,81,largest_eigenvalue,8.052207201060215,<=,1513589455432/188363243311,0.0167251779939361357,Kz~~zjhx{Bvp
6574,True,True,valid counterexample,"claw_free,connected",13,18,total_domination_number,4,independence_number,6,<=,5,1,LySOgGD?OA_A?D
6582,True,True,valid counterexample,"claw_free,connected",15,16,total_domination_number,9,matching_number,7,>=,8,1,NpKGGC@??@_K?@C???G
6617,True,False,valid counterexample,"claw_free,connected",21,63,total_domination_number,4,second_smallest_laplace_eigenvalue,0.12984605712131395,>=,57910096864/380384532405,0.0223948778553544003,>>graph6<<T^~~z???WB_N?^?^_C?????K??w?@w?@{??~
6903,True,True,valid counterexample,"claw_free,connected",15,16,matching_number,7,total_domination_number,9,<=,8,1,NpKGGC@??@_K?@C???G
7205,True,True,valid counterexample,"claw_free,connected",12,31,first_zagreb_index,322,second_zagreb_index,836,>=,11741/13,873/13,K~~{?CB?wF_^
7206,True,True,valid counterexample,"claw_free,connected",14,43,first_zagreb_index,530,second_zagreb_index,1633,>=,5795/3,896/3,M~~~{?@?WB_N?^?^_
7212,True,True,valid counterexample,"claw_free,connected",12,31,first_zagreb_index,322,second_zagreb_index,836,>=,2597/3,89/3,K~~{?CB?wF_^
7213,True,True,valid counterexample,"claw_free,connected",12,31,first_zagreb_index,322,second_zagreb_index,836,>=,869,33,K~~{?CB?wF_^
7565,True,False,valid counterexample,"claw_free,connected",12,47,largest_eigenvalue,8.052207201060215,triangle_number,81,>=,81.6450178286873673,0.645017828687367294,Kz~~zjhx{Bvp
7566,True,False,valid counterexample,"claw_free,connected",12,47,largest_eigenvalue,8.052207201060215,triangle_number,81,>=,81.0398079505845392,0.0398079505845392203,Kz~~zjhx{Bvp
7694,True,False,valid counterexample,"claw_free,connected",9,9,largest_distance_eigenvalue,25.98273762138877,proximity,8/35,>=,0.230497707399368462,0.00192627882793989017,>>graph6<<H{CGGC@
7695,True,False,valid counterexample,"claw_free,connected",10,10,largest_distance_eigenvalue,32.50980942989507,proximity,9/44,>=,0.205661007920305612,0.00111555337485106677,>>graph6<<I{CGGC@?G
7703,True,False,valid counterexample,"claw_free,connected",1,0,largest_distance_eigenvalue,0.0,second_smallest_laplace_eigenvalue,0.0,>=,0.216138014930006289,0.216138014930006289,@
7711,True,False,valid counterexample,"claw_free,connected",1,0,second_smallest_laplace_eigenvalue,0.0,diameter,0,>=,12.3872471129182597,12.3872471129182597,@
7712,True,False,valid counterexample,"claw_free,connected",1,0,second_smallest_laplace_eigenvalue,0.0,diameter,0,>=,7.97437398656055820,7.97437398656055820,@
7713,True,False,valid counterexample,"claw_free,connected",1,0,second_smallest_laplace_eigenvalue,0.0,diameter,0,>=,8.58109374777418482,8.58109374777418482,@
7718,True,False,valid counterexample,"claw_free,connected",1,0,second_smallest_laplace_eigenvalue,0.0,radius,0,>=,5.32436564187437542,5.32436564187437542,@
7719,True,False,valid counterexample,"claw_free,connected",1,0,second_smallest_laplace_eigenvalue,0.0,radius,0,>=,5.97608538268131651,5.97608538268131651,@
7732,True,False,valid counterexample,"claw_free,connected",24,133,second_smallest_laplace_eigenvalue,0.14434539959895654,maximum_degree,12,<=,11.9542664999310969,0.0457335000689030878,W~~~~~~~~~~~_???_?W?F??{?Bw?Fw?F{?B~??~w?F~_?^~
7734,True,False,valid counterexample,"claw_free,connected",24,133,second_smallest_laplace_eigenvalue,0.14434539959895654,average_degree,133/12,<=,10.3339589909028391,0.749374342430494206,W~~~~~~~~~~~_???_?W?F??{?Bw?Fw?F{?B~??~w?F~_?^~
7743,True,False,valid counterexample,"claw_free,connected",1,0,second_smallest_laplace_eigenvalue,0.0,domination_number,1,>=,4.46241570430392790,3.46241570430392790,@
7753,True,False,valid counterexample,"claw_free,connected",21,64,second_smallest_laplace_eigenvalue,0.1465871326360776,total_domination_number,4,>=,4.07734501279385977,0.0773450127938597733,>>graph6<<T^~~y?@?WB_NP^?^_C?????K??w?@W?@{??~
7773,True,False,valid counterexample,"claw_free,connected",1,0,second_smallest_laplace_eigenvalue,0.0,independent_domination_number,1,>=,4.46241570430392790,3.46241570430392790,@
7811,True,False,valid counterexample,"claw_free,connected",26,157,second_smallest_laplace_eigenvalue,0.13454006867188262,largest_eigenvalue,12.082762530298222,<=,11.3310898447948300,0.751672685503391995,Y~~~~~~~~~~~~~_???G?B??[?@w?Bw?B{?@~??^w?B~_?N~??^~??^~_
7813,True,False,valid counterexample,"claw_free,connected",1,0,second_smallest_laplace_eigenvalue,0.0,largest_distance_eigenvalue,0.0,>=,62.7715380400412596,62.7715380400412596,@
